NASDAQ,ABXA,2009-12-09,2.55,2.77,2.50,2.67,158500,2.67
NASDAQ,ABXA,2009-12-08,2.71,2.74,2.52,2.55,131700,2.55
NASDAQ,ABXA,2009-12-07,2.65,2.76,2.65,2.71,174200,2.71
NASDAQ,ABXA,2009-12-04,2.63,2.66,2.53,2.65,230900,2.65
NASDAQ,ABXA,2009-12-03,2.55,2.62,2.51,2.60,360900,2.60
NASDAQ,ABXA,2009-12-02,2.41,2.59,2.40,2.53,287700,2.53
NASDAQ,ABXA,2009-12-01,2.35,2.44,2.27,2.40,302000,2.40
NASDAQ,ABXA,2009-11-30,2.36,2.36,2.11,2.25,446100,2.25
NASDAQ,ABXA,2009-11-27,2.35,2.42,2.30,2.35,135200,2.35
NASDAQ,BBND,2010-02-08,2.92,2.98,2.86,2.96,483800,2.96
NASDAQ,BBND,2010-02-05,2.85,2.94,2.79,2.93,884000,2.93
NASDAQ,BBND,2010-02-04,2.83,2.88,2.78,2.83,1333300,2.83
NASDAQ,BBND,2010-02-03,2.98,3.03,2.80,2.83,1015800,2.83
NASDAQ,BBND,2010-02-02,3.05,3.10,2.96,2.97,513100,2.97
NASDAQ,BBND,2010-02-01,3.11,3.13,3.00,3.04,997000,3.04
NASDAQ,BBND,2010-01-29,3.01,3.14,2.96,3.14,1132900,3.14
NASDAQ,BBND,2010-01-28,3.09,3.10,2.97,2.99,480100,2.99
NASDAQ,BBND,2010-01-27,3.08,3.14,3.05,3.08,548100,3.08
NASDAQ,CLBH,2010-02-08,4.00,4.08,4.00,4.03,3100,4.03
NASDAQ,CLBH,2010-02-05,3.70,3.80,3.70,3.80,2600,3.80
NASDAQ,CLBH,2010-02-04,3.95,3.98,3.85,3.92,1400,3.92
NASDAQ,CLBH,2010-02-03,3.99,3.99,3.99,3.99,000,3.99
NASDAQ,CLBH,2010-02-02,3.98,3.99,3.98,3.99,1300,3.99
NASDAQ,CLBH,2010-02-01,3.80,3.80,3.80,3.80,000,3.80
NASDAQ,CLBH,2010-01-29,3.80,3.80,3.80,3.80,900,3.80
NASDAQ,CLBH,2010-01-28,3.97,3.97,3.96,3.96,1900,3.96
NASDAQ,CLBH,2010-01-27,4.10,4.10,3.80,3.97,5100,3.97
NASDAQ,DYAX,2010-02-08,3.39,3.42,3.21,3.22,228400,3.22
NASDAQ,DYAX,2010-02-05,3.28,3.38,3.16,3.38,436600,3.38
NASDAQ,DYAX,2010-02-04,3.41,3.45,3.28,3.28,538400,3.28
NASDAQ,DYAX,2010-02-03,3.56,3.59,3.42,3.43,312600,3.43
NASDAQ,DYAX,2010-02-02,3.60,3.61,3.42,3.58,578200,3.58
NASDAQ,DYAX,2010-02-01,3.37,3.53,3.35,3.53,359400,3.53
NASDAQ,DYAX,2010-01-29,3.50,3.56,3.36,3.37,325100,3.37
NASDAQ,DYAX,2010-01-28,3.55,3.55,3.41,3.48,340200,3.48
NASDAQ,DYAX,2010-01-27,3.45,3.57,3.45,3.55,346400,3.55
NASDAQ,EGBN,2010-02-08,10.69,10.69,10.41,10.48,12200,10.48
NASDAQ,EGBN,2010-02-05,10.72,10.81,10.41,10.81,62700,10.81
NASDAQ,EGBN,2010-02-04,10.48,11.05,10.29,10.68,72100,10.68
NASDAQ,EGBN,2010-02-03,10.93,10.98,10.48,10.52,31000,10.52
NASDAQ,EGBN,2010-02-02,11.04,11.05,10.92,10.97,41400,10.97
NASDAQ,EGBN,2010-02-01,10.96,11.25,10.92,11.07,85900,11.07
NASDAQ,EGBN,2010-01-29,11.03,11.25,11.00,11.25,57000,11.25
NASDAQ,EGBN,2010-01-28,10.75,11.20,10.61,11.00,72900,11.00
NASDAQ,EGBN,2010-01-27,10.20,10.59,10.18,10.50,24100,10.50
NASDAQ,FCFS,2010-02-08,20.59,20.90,20.39,20.64,132600,20.64
NASDAQ,FCFS,2010-02-05,21.09,21.10,20.37,20.89,266400,20.89
NASDAQ,FCFS,2010-02-04,21.40,21.40,21.00,21.11,97800,21.11
NASDAQ,FCFS,2010-02-03,21.85,22.00,21.39,21.47,71200,21.47
NASDAQ,FCFS,2010-02-02,22.46,22.51,21.71,21.91,160200,21.91
NASDAQ,FCFS,2010-02-01,23.02,23.39,22.45,22.51,202000,22.51
NASDAQ,FCFS,2010-01-29,22.81,22.92,22.51,22.83,533900,22.83
NASDAQ,FCFS,2010-01-28,23.34,23.42,22.62,22.76,386800,22.76
NASDAQ,FCFS,2010-01-27,21.80,23.43,21.58,23.23,401500,23.23
NASDAQ,GRAN,2010-02-08,1.11,1.14,1.03,1.10,95000,1.10
NASDAQ,GRAN,2010-02-05,1.10,1.21,1.08,1.13,113200,1.13
NASDAQ,GRAN,2010-02-04,1.30,1.31,1.05,1.13,233100,1.13
NASDAQ,GRAN,2010-02-03,1.33,1.35,1.02,1.17,377300,1.17
NASDAQ,GRAN,2010-02-02,1.55,1.57,1.27,1.30,198400,1.30
NASDAQ,GRAN,2010-02-01,1.66,1.66,1.51,1.51,85200,1.51
NASDAQ,GRAN,2010-01-29,1.65,1.67,1.48,1.67,53900,1.67
NASDAQ,GRAN,2010-01-28,1.50,1.66,1.43,1.64,140500,1.64
NASDAQ,GRAN,2010-01-27,1.68,1.73,1.42,1.50,137100,1.50
NASDAQ,HALO,2010-02-08,5.64,5.64,5.36,5.40,354900,5.40
NASDAQ,HALO,2010-02-05,5.55,5.67,5.53,5.64,589600,5.64
NASDAQ,HALO,2010-02-04,5.67,5.70,5.55,5.55,528200,5.55
NASDAQ,HALO,2010-02-03,5.56,5.74,5.47,5.72,304600,5.72
NASDAQ,HALO,2010-02-02,5.42,5.60,5.35,5.55,292800,5.55
NASDAQ,HALO,2010-02-01,5.44,5.53,5.27,5.43,298000,5.43
NASDAQ,HALO,2010-01-29,5.68,5.78,5.40,5.42,216100,5.42
NASDAQ,HALO,2010-01-28,5.82,5.82,5.55,5.63,219900,5.63
NASDAQ,HALO,2010-01-27,5.71,5.88,5.68,5.84,218700,5.84
NASDAQ,IBCA,2010-02-08,4.01,4.02,4.00,4.00,900,4.00
NASDAQ,IBCA,2010-02-05,4.00,4.10,4.00,4.10,1200,4.10
NASDAQ,IBCA,2010-02-04,3.95,4.20,3.95,3.95,29600,3.95
NASDAQ,IBCA,2010-02-03,4.08,4.12,4.00,4.05,13500,4.05
NASDAQ,IBCA,2010-02-02,4.02,4.02,4.00,4.00,900,4.00
NASDAQ,IBCA,2010-02-01,4.10,4.10,3.91,4.00,27800,4.00
NASDAQ,IBCA,2010-01-29,3.83,4.05,3.80,4.00,45700,4.00
NASDAQ,IBCA,2010-01-28,3.94,3.94,3.80,3.83,9600,3.83
NASDAQ,IBCA,2010-01-27,3.75,3.95,3.75,3.91,16700,3.91
NASDAQ,JDAS,2010-02-08,25.41,26.59,25.15,26.46,488900,26.46
NASDAQ,JDAS,2010-02-05,25.42,25.84,24.94,25.49,1121700,25.49
NASDAQ,JDAS,2010-02-04,26.53,26.61,25.46,25.46,574900,25.46
NASDAQ,JDAS,2010-02-03,27.09,27.14,26.45,26.63,736900,26.63
NASDAQ,JDAS,2010-02-02,26.20,28.10,25.98,27.23,929100,27.23
NASDAQ,JDAS,2010-02-01,26.21,26.49,25.83,26.25,417600,26.25
NASDAQ,JDAS,2010-01-29,26.91,27.53,26.02,26.21,883100,26.21
NASDAQ,JDAS,2010-01-28,27.86,27.97,26.84,26.88,1272600,26.88
NASDAQ,JDAS,2010-01-27,27.48,27.93,27.20,27.68,560100,27.68
NASDAQ,KINS,2010-02-08,2.90,2.90,2.90,2.90,000,2.90
NASDAQ,KINS,2010-02-05,2.90,2.90,2.90,2.90,700,2.90
NASDAQ,KINS,2010-02-04,2.96,2.96,2.96,2.96,000,2.96
NASDAQ,KINS,2010-02-03,2.96,2.96,2.96,2.96,000,2.96
NASDAQ,KINS,2010-02-02,2.97,2.97,2.95,2.96,2600,2.96
NASDAQ,KINS,2010-02-01,2.95,2.95,2.95,2.95,100,2.95
NASDAQ,KINS,2010-01-29,2.97,2.97,2.90,2.95,1800,2.95
NASDAQ,KINS,2010-01-28,2.97,2.97,2.97,2.97,000,2.97
NASDAQ,KINS,2010-01-27,2.90,2.97,2.90,2.97,1400,2.97
NASDAQ,LUNA,2010-02-08,3.01,3.01,2.95,2.99,23100,2.99
NASDAQ,LUNA,2010-02-05,3.05,3.07,2.78,2.98,85900,2.98
NASDAQ,LUNA,2010-02-04,3.14,3.14,2.91,3.07,71200,3.07
NASDAQ,LUNA,2010-02-03,2.95,3.20,2.95,3.09,76500,3.09
NASDAQ,LUNA,2010-02-02,3.10,3.20,2.91,2.95,69100,2.95
NASDAQ,LUNA,2010-02-01,2.88,3.27,2.88,3.10,119200,3.10
NASDAQ,LUNA,2010-01-29,2.78,2.89,2.77,2.83,71500,2.83
NASDAQ,LUNA,2010-01-28,2.91,2.95,2.77,2.77,79100,2.77
NASDAQ,LUNA,2010-01-27,3.18,3.18,2.84,2.91,88900,2.91
NASDAQ,MGPI,2010-02-08,6.35,6.62,6.27,6.36,47000,6.36
NASDAQ,MGPI,2010-02-05,6.48,6.60,6.04,6.38,74700,6.38
NASDAQ,MGPI,2010-02-04,6.78,6.78,6.33,6.51,44100,6.51
NASDAQ,MGPI,2010-02-03,6.68,6.85,6.67,6.81,31800,6.81
NASDAQ,MGPI,2010-02-02,6.57,6.68,6.28,6.65,54400,6.65
NASDAQ,MGPI,2010-02-01,6.59,6.59,6.29,6.52,55500,6.52
NASDAQ,MGPI,2010-01-29,6.85,7.02,6.51,6.59,42700,6.59
NASDAQ,MGPI,2010-01-28,6.99,7.14,6.79,6.85,56100,6.85
NASDAQ,MGPI,2010-01-27,6.80,7.06,6.61,7.06,59100,7.06
NASDAQ,NUAN,2010-02-08,14.82,15.17,14.56,14.91,3365400,14.91
NASDAQ,NUAN,2010-02-05,14.69,14.83,14.43,14.68,2989900,14.68
NASDAQ,NUAN,2010-02-04,15.06,15.13,14.65,14.69,1633700,14.69
NASDAQ,NUAN,2010-02-03,15.10,15.28,15.00,15.23,1318400,15.23
NASDAQ,NUAN,2010-02-02,15.10,15.29,14.77,15.11,3450500,15.11
NASDAQ,NUAN,2010-02-01,15.04,15.24,14.99,15.10,2321100,15.10
NASDAQ,NUAN,2010-01-29,15.54,15.68,14.75,15.02,3928200,15.02
NASDAQ,NUAN,2010-01-28,15.80,15.85,15.43,15.43,2034900,15.43
NASDAQ,NUAN,2010-01-27,15.77,15.80,15.55,15.74,1648400,15.74
NASDAQ,OPEN,2010-02-08,25.68,26.02,25.17,25.20,45000,25.20
NASDAQ,OPEN,2010-02-05,25.22,26.02,25.10,25.89,48800,25.89
NASDAQ,OPEN,2010-02-04,26.49,26.49,25.29,25.46,30800,25.46
NASDAQ,OPEN,2010-02-03,25.34,26.44,25.34,26.37,119100,26.37
NASDAQ,OPEN,2010-02-02,24.83,25.25,24.83,25.17,72000,25.17
NASDAQ,OPEN,2010-02-01,24.84,25.14,24.81,25.01,88500,25.01
NASDAQ,OPEN,2010-01-29,25.09,25.11,24.65,24.89,94800,24.89
NASDAQ,OPEN,2010-01-28,25.36,25.50,24.50,24.93,66700,24.93
NASDAQ,OPEN,2010-01-27,24.77,25.45,24.77,25.23,35000,25.23
NASDAQ,PCYC,2010-02-08,4.84,5.02,4.70,5.02,668200,5.02
NASDAQ,PCYC,2010-02-05,4.51,4.88,4.41,4.82,1087300,4.82
NASDAQ,PCYC,2010-02-04,4.18,4.60,4.12,4.55,793800,4.55
NASDAQ,PCYC,2010-02-03,4.10,4.24,3.99,4.17,125600,4.17
NASDAQ,PCYC,2010-02-02,4.13,4.13,4.00,4.08,171500,4.08
NASDAQ,PCYC,2010-02-01,4.06,4.14,4.03,4.10,232300,4.10
NASDAQ,PCYC,2010-01-29,4.16,4.20,4.00,4.03,169500,4.03
NASDAQ,PCYC,2010-01-28,4.10,4.30,3.97,4.04,397900,4.04
NASDAQ,PCYC,2010-01-27,3.98,4.09,3.92,4.08,1081600,4.08
NASDAQ,QGEN,2010-02-08,20.83,20.90,20.64,20.66,1006900,20.66
NASDAQ,QGEN,2010-02-05,20.97,21.11,20.26,20.81,1901000,20.81
NASDAQ,QGEN,2010-02-04,21.75,21.81,21.10,21.17,1763900,21.17
NASDAQ,QGEN,2010-02-03,21.92,21.98,21.69,21.86,1207600,21.86
NASDAQ,QGEN,2010-02-02,21.90,22.16,21.84,22.14,1161700,22.14
NASDAQ,QGEN,2010-02-01,21.92,21.99,21.77,21.85,734200,21.85
NASDAQ,QGEN,2010-01-29,22.06,22.10,21.76,21.76,959200,21.76
NASDAQ,QGEN,2010-01-28,22.64,22.67,22.03,22.11,1125100,22.11
NASDAQ,QGEN,2010-01-27,22.42,22.55,22.17,22.34,1255200,22.34
NASDAQ,RMIX,2010-02-08,0.87,0.88,0.81,0.81,118100,0.81
NASDAQ,RMIX,2010-02-05,0.83,0.88,0.83,0.87,175600,0.87
NASDAQ,RMIX,2010-02-04,0.87,0.90,0.82,0.82,304800,0.82
NASDAQ,RMIX,2010-02-03,0.91,0.91,0.87,0.87,167600,0.87
NASDAQ,RMIX,2010-02-02,0.93,0.93,0.91,0.91,108100,0.91
NASDAQ,RMIX,2010-02-01,0.90,0.93,0.90,0.93,133400,0.93
NASDAQ,RMIX,2010-01-29,0.95,0.95,0.90,0.90,237400,0.90
NASDAQ,RMIX,2010-01-28,0.95,0.97,0.92,0.95,184200,0.95
NASDAQ,RMIX,2010-01-27,0.96,0.96,0.92,0.94,189200,0.94
NASDAQ,SURW,2010-02-08,7.58,7.96,7.54,7.54,28300,7.54
NASDAQ,SURW,2010-02-05,7.69,7.74,7.43,7.61,23500,7.61
NASDAQ,SURW,2010-02-04,8.02,8.09,7.65,7.65,48000,7.65
NASDAQ,SURW,2010-02-03,8.30,8.45,8.08,8.08,40000,8.08
NASDAQ,SURW,2010-02-02,8.33,8.58,8.24,8.35,34200,8.35
NASDAQ,SURW,2010-02-01,8.95,8.95,8.28,8.31,30900,8.31
NASDAQ,SURW,2010-01-29,9.06,9.19,8.57,8.95,87400,8.95
NASDAQ,SURW,2010-01-28,9.35,9.35,8.72,8.99,46000,8.99
NASDAQ,SURW,2010-01-27,9.12,9.39,8.91,9.34,44200,9.34
NASDAQ,TWIN,2010-02-08,9.68,9.92,9.57,9.58,50900,9.58
NASDAQ,TWIN,2010-02-05,9.44,9.59,9.13,9.59,24200,9.59
NASDAQ,TWIN,2010-02-04,9.79,9.79,9.44,9.44,58400,9.44
NASDAQ,TWIN,2010-02-03,9.65,9.91,9.65,9.86,22300,9.86
NASDAQ,TWIN,2010-02-02,9.88,9.99,9.67,9.71,23700,9.71
NASDAQ,TWIN,2010-02-01,9.69,10.05,9.46,9.86,33000,9.86
NASDAQ,TWIN,2010-01-29,10.06,10.06,9.63,9.63,68300,9.63
NASDAQ,TWIN,2010-01-28,9.70,10.05,9.63,9.99,54100,9.99
NASDAQ,TWIN,2010-01-27,9.72,9.97,9.64,9.95,23000,9.95
NASDAQ,UNFI,2010-02-08,25.30,25.33,24.83,25.01,201000,25.01
NASDAQ,UNFI,2010-02-05,25.46,25.55,24.81,25.24,253400,25.24
NASDAQ,UNFI,2010-02-04,26.55,26.67,25.43,25.46,230000,25.46
NASDAQ,UNFI,2010-02-03,26.78,27.27,26.33,26.64,108200,26.64
NASDAQ,UNFI,2010-02-02,27.01,27.19,26.79,26.94,277100,26.94
NASDAQ,UNFI,2010-02-01,27.15,27.20,26.74,26.95,108800,26.95
NASDAQ,UNFI,2010-01-29,27.39,27.55,27.05,27.11,191100,27.11
NASDAQ,UNFI,2010-01-28,27.48,27.49,26.73,27.24,137500,27.24
NASDAQ,UNFI,2010-01-27,27.30,27.43,26.99,27.38,223600,27.38
NASDAQ,VLCCF,2010-02-08,13.73,13.92,13.60,13.62,132900,13.62
NASDAQ,VLCCF,2010-02-05,13.77,13.84,13.49,13.67,162400,13.67
NASDAQ,VLCCF,2010-02-04,14.11,14.16,13.80,13.84,130600,13.84
NASDAQ,VLCCF,2010-02-03,14.38,14.44,14.16,14.23,116500,14.23
NASDAQ,VLCCF,2010-02-02,14.42,14.48,14.30,14.38,96500,14.38
NASDAQ,VLCCF,2010-02-01,14.40,14.50,14.26,14.42,88400,14.42
NASDAQ,VLCCF,2010-01-29,14.56,14.70,14.40,14.41,101100,14.41
NASDAQ,VLCCF,2010-01-28,14.77,14.77,14.36,14.48,95400,14.48
NASDAQ,VLCCF,2010-01-27,14.26,14.83,14.25,14.77,112700,14.77
NASDAQ,WBCO,2010-02-08,11.11,11.11,10.77,10.77,19600,10.77
NASDAQ,WBCO,2010-02-05,11.10,11.38,11.03,11.09,16500,11.06
NASDAQ,WBCO,2010-02-04,11.35,11.79,11.00,11.10,39200,11.07
NASDAQ,WBCO,2010-02-03,11.64,11.65,11.35,11.38,16300,11.35
NASDAQ,WBCO,2010-02-02,11.47,11.74,11.41,11.69,44900,11.66
NASDAQ,WBCO,2010-02-01,11.78,11.78,11.04,11.50,24900,11.47
NASDAQ,WBCO,2010-01-29,11.71,12.09,11.50,11.80,66700,11.77
NASDAQ,WBCO,2010-01-28,12.04,12.07,11.67,11.67,28700,11.64
NASDAQ,WBCO,2010-01-27,11.45,12.15,11.45,11.99,39100,11.96
NASDAQ,XING,2010-02-08,1.73,1.76,1.71,1.73,147400,1.73
NASDAQ,XING,2010-02-05,1.74,1.77,1.66,1.73,765700,1.73
NASDAQ,XING,2010-02-04,1.86,1.90,1.78,1.79,905000,1.79
NASDAQ,XING,2010-02-03,1.89,1.93,1.86,1.86,287500,1.86
NASDAQ,XING,2010-02-02,1.92,1.97,1.83,1.90,921500,1.90
NASDAQ,XING,2010-02-01,2.11,2.11,1.91,1.92,1179800,1.92
NASDAQ,XING,2010-01-29,2.08,2.18,2.06,2.11,904700,2.11
NASDAQ,XING,2010-01-28,2.06,2.12,2.06,2.09,993000,2.09
NASDAQ,XING,2010-01-27,2.14,2.14,2.05,2.10,666000,2.10
NASDAQ,YTEC,2010-02-08,3.27,3.28,3.12,3.24,424800,3.24
NASDAQ,YTEC,2010-02-05,3.30,3.46,3.21,3.30,684500,3.30
NASDAQ,YTEC,2010-02-04,3.50,3.58,3.30,3.35,1060600,3.35
NASDAQ,YTEC,2010-02-03,3.65,3.74,3.53,3.54,1028200,3.54
NASDAQ,YTEC,2010-02-02,3.74,3.75,3.60,3.65,966800,3.65
NASDAQ,YTEC,2010-02-01,3.62,3.88,3.61,3.71,3264600,3.71
NASDAQ,YTEC,2010-01-29,3.69,4.15,3.55,3.55,13723100,3.55
NASDAQ,YTEC,2010-01-28,6.90,6.96,6.68,6.74,211700,6.74
NASDAQ,YTEC,2010-01-27,6.73,6.87,6.65,6.85,137000,6.85
NASDAQ,ZAGG,2010-02-08,2.71,2.71,2.44,2.57,169900,2.57
NASDAQ,ZAGG,2010-02-05,2.79,2.79,2.45,2.53,333000,2.53
NASDAQ,ZAGG,2010-02-04,2.65,2.85,2.50,2.67,723000,2.67
NASDAQ,ZAGG,2010-02-03,2.66,3.03,2.57,2.73,2439700,2.73
NASDAQ,ZAGG,2010-02-02,2.08,2.49,2.01,2.44,996800,2.44
NASDAQ,ZAGG,2010-02-01,2.04,2.15,2.02,2.05,693900,2.05
NASDAQ,ZAGG,2010-01-29,2.45,2.45,2.02,2.02,737700,2.02
NASDAQ,ZAGG,2010-01-28,2.29,2.49,2.10,2.23,926800,2.23
NASDAQ,ZAGG,2010-01-27,2.29,2.29,2.05,2.13,889500,2.13
NASDAQ,ARRS,1993-09-30,25.00,25.00,23.00,23.50,305500,23.50
NASDAQ,ARRS,1993-09-29,23.75,25.50,23.50,24.75,619200,24.75
NASDAQ,ARRS,1993-09-28,24.25,24.25,23.75,24.00,424100,24.00
NASDAQ,ARRS,1993-09-27,22.50,24.00,22.50,23.87,334900,23.87
NASDAQ,ARRS,1993-09-24,23.00,23.25,22.50,22.50,423100,22.50
NASDAQ,ARRS,1993-09-23,22.75,23.25,22.25,23.25,637100,23.25
NASDAQ,ARRS,1993-09-22,22.25,22.75,21.75,22.25,532200,22.25
NASDAQ,ARRS,1993-09-21,22.75,23.50,21.00,21.75,1953700,21.75
NASDAQ,ARRS,1993-09-20,24.00,24.00,22.00,22.50,1475400,22.50
NASDAQ,ARRS,1993-09-17,24.00,25.00,23.25,24.00,7520300,24.00
NASDAQ,BWEN,2005-11-23,3.27,3.35,3.27,3.35,1200,3.35
NASDAQ,BWEN,2005-11-22,3.70,3.70,3.10,3.25,14900,3.25
NASDAQ,BWEN,2005-11-21,3.75,3.77,3.50,3.50,3300,3.50
NASDAQ,BWEN,2005-11-18,3.80,3.84,3.41,3.55,18500,3.55
NASDAQ,BWEN,2005-11-17,3.78,3.80,3.50,3.50,10000,3.50
NASDAQ,BWEN,2005-11-16,3.55,3.80,3.50,3.50,12700,3.50
NASDAQ,BWEN,2005-11-15,3.50,3.68,3.50,3.50,5400,3.50
NASDAQ,BWEN,2005-11-14,3.10,3.44,3.00,3.43,10300,3.43
NASDAQ,BWEN,2005-11-11,3.27,3.27,3.10,3.10,10000,3.10
NASDAQ,BWEN,2005-11-10,3.55,3.55,3.17,3.30,4100,3.30
NASDAQ,CSCX,2005-09-15,10.50,10.55,10.45,10.46,37400,10.46
NASDAQ,CSCX,2005-09-14,10.50,10.72,10.49,10.50,32600,10.50
NASDAQ,CSCX,2005-09-13,10.66,10.76,10.59,10.75,29100,10.75
NASDAQ,CSCX,2005-09-12,11.00,11.00,10.66,10.75,35100,10.75
NASDAQ,CSCX,2005-09-09,10.58,10.85,10.52,10.68,58500,10.68
NASDAQ,CSCX,2005-09-08,10.54,10.75,10.54,10.72,57900,10.72
NASDAQ,CSCX,2005-09-07,10.50,10.91,10.50,10.62,73000,10.62
NASDAQ,CSCX,2005-09-06,11.61,11.61,10.22,10.88,133600,10.88
NASDAQ,CSCX,2005-09-02,11.45,11.95,11.40,11.70,70100,11.70
NASDAQ,CSCX,2005-09-01,10.80,12.00,10.80,11.75,31400,11.75
NASDAQ,DYNT,1994-05-10,2.06,2.12,2.06,2.12,1800,2.12
NASDAQ,DYNT,1994-05-09,2.12,2.12,2.12,2.12,6000,2.12
NASDAQ,DYNT,1994-05-06,2.12,2.38,2.12,2.12,4000,2.12
NASDAQ,DYNT,1994-05-04,2.12,2.44,2.12,2.44,5300,2.44
NASDAQ,DYNT,1994-05-03,2.25,2.44,2.12,2.44,8400,2.44
NASDAQ,DYNT,1994-05-02,2.19,2.38,2.19,2.25,5000,2.25
NASDAQ,DYNT,1994-04-29,2.38,2.38,2.31,2.31,1900,2.31
NASDAQ,DYNT,1994-04-28,2.38,2.38,2.38,2.38,3500,2.38
NASDAQ,DYNT,1994-04-26,2.12,2.38,2.12,2.19,15700,2.19
NASDAQ,DYNT,1994-04-25,2.31,2.38,2.12,2.31,24100,2.31
NASDAQ,EFJI,1999-05-14,2.09,2.09,2.03,2.09,8100,2.09
NASDAQ,EFJI,1999-05-13,2.00,2.13,2.00,2.06,33400,2.06
NASDAQ,EFJI,1999-05-12,1.94,2.06,1.94,2.00,3600,2.00
NASDAQ,EFJI,1999-05-11,2.06,2.06,1.94,2.06,5200,2.06
NASDAQ,EFJI,1999-05-10,1.87,2.06,1.87,2.00,11600,2.00
NASDAQ,EFJI,1999-05-07,2.06,2.06,1.87,1.94,69700,1.94
NASDAQ,EFJI,1999-05-06,2.13,2.13,2.02,2.13,15200,2.13
NASDAQ,EFJI,1999-05-05,2.19,2.19,2.00,2.13,12300,2.13
NASDAQ,EFJI,1999-05-04,2.00,2.13,2.00,2.00,37500,2.00
NASDAQ,EFJI,1999-05-03,2.25,2.25,1.94,2.06,23700,2.06
NASDAQ,FFBH,1996-05-17,13.05,13.05,12.93,12.93,67800,4.81
NASDAQ,FFBH,1996-05-16,13.05,13.05,12.84,13.05,160200,4.86
NASDAQ,FFBH,1996-05-15,12.81,13.05,12.69,12.93,301800,4.81
NASDAQ,FFBH,1996-05-14,12.81,12.81,12.69,12.69,129000,4.72
NASDAQ,FFBH,1996-05-13,12.81,12.81,12.69,12.81,360800,4.77
NASDAQ,FFBH,1996-05-10,12.81,12.81,12.69,12.69,268800,4.72
NASDAQ,FFBH,1996-05-09,12.81,12.81,12.69,12.81,579000,4.77
NASDAQ,FFBH,1996-05-08,12.93,12.93,12.69,12.81,639600,4.77
NASDAQ,FFBH,1996-05-07,12.69,12.93,12.57,12.93,550200,4.81
NASDAQ,FFBH,1996-05-06,12.57,12.81,12.45,12.69,1145600,4.72
NASDAQ,GPOR,1999-04-29,1.63,1.63,1.63,1.63,1700,1.63
NASDAQ,GPOR,1999-04-14,1.75,1.75,1.75,1.75,100,1.75
NASDAQ,GPOR,1999-03-29,2.00,2.00,2.00,2.00,2000,2.00
NASDAQ,GPOR,1999-03-26,2.00,2.00,1.50,1.56,20800,1.56
NASDAQ,GPOR,1999-03-19,1.50,1.50,1.50,1.50,1000,1.50
NASDAQ,GPOR,1999-03-16,2.00,2.00,1.50,1.50,6200,1.50
NASDAQ,GPOR,1999-03-15,2.00,2.00,2.00,2.00,500,2.00
NASDAQ,GPOR,1999-03-12,1.50,1.50,1.50,1.50,25300,1.50
NASDAQ,GPOR,1999-03-11,1.50,1.50,1.50,1.50,42400,1.50
NASDAQ,GPOR,1999-03-10,1.50,1.50,1.50,1.50,78900,1.50
NASDAQ,HPGP,2006-10-04,20.20,20.46,20.03,20.37,81100,17.93
NASDAQ,HPGP,2006-10-03,20.32,20.70,20.24,20.49,108200,18.03
NASDAQ,HPGP,2006-10-02,20.39,20.75,20.06,20.50,85700,18.04
NASDAQ,HPGP,2006-09-29,20.06,20.26,20.01,20.20,86900,17.78
NASDAQ,HPGP,2006-09-28,20.35,20.39,19.95,20.25,157300,17.82
NASDAQ,HPGP,2006-09-27,20.10,20.17,19.90,19.99,113900,17.59
NASDAQ,HPGP,2006-09-26,19.99,20.24,19.75,19.90,272800,17.51
NASDAQ,HPGP,2006-09-25,19.93,20.35,19.70,20.00,248100,17.60
NASDAQ,HPGP,2006-09-22,19.75,20.40,19.35,20.40,242800,17.95
NASDAQ,HPGP,2006-09-21,19.26,19.65,19.25,19.53,327000,17.19
NASDAQ,ITRN,2005-10-17,12.10,12.13,11.32,11.84,73900,9.94
NASDAQ,ITRN,2005-10-14,12.11,12.40,12.11,12.25,20400,10.28
NASDAQ,ITRN,2005-10-13,12.20,12.77,12.11,12.11,28700,10.17
NASDAQ,ITRN,2005-10-12,12.75,12.75,12.15,12.28,40300,10.31
NASDAQ,ITRN,2005-10-11,12.45,12.58,12.00,12.35,260500,10.37
NASDAQ,ITRN,2005-10-10,12.80,12.81,12.38,12.50,58800,10.49
NASDAQ,ITRN,2005-10-07,13.00,13.00,12.68,12.76,106200,10.71
NASDAQ,ITRN,2005-10-06,12.60,12.89,12.60,12.89,125000,10.82
NASDAQ,ITRN,2005-10-05,13.00,13.07,12.75,12.80,227400,10.75
NASDAQ,ITRN,2005-10-04,13.06,13.16,13.00,13.03,49000,10.94
NASDAQ,JRJC,2004-10-29,9.17,9.17,8.31,8.65,775900,8.65
NASDAQ,JRJC,2004-10-28,10.10,10.10,8.71,9.05,785100,9.05
NASDAQ,JRJC,2004-10-27,10.65,10.65,10.06,10.20,322100,10.20
NASDAQ,JRJC,2004-10-26,10.60,10.98,9.75,9.91,420100,9.91
NASDAQ,JRJC,2004-10-25,10.80,10.85,10.50,10.75,207500,10.75
NASDAQ,JRJC,2004-10-22,10.75,11.00,10.75,10.80,59700,10.80
NASDAQ,JRJC,2004-10-21,11.05,11.25,10.55,10.85,356000,10.85
NASDAQ,JRJC,2004-10-20,11.80,12.12,10.90,11.05,358400,11.05
NASDAQ,JRJC,2004-10-19,10.35,12.09,10.35,11.87,1265300,11.87
NASDAQ,JRJC,2004-10-18,11.75,12.00,10.00,10.05,1311300,10.05
NASDAQ,KELYA,1990-04-06,27.50,27.50,27.12,27.50,73400,13.35
NASDAQ,KELYA,1990-04-05,27.50,27.50,27.12,27.50,23900,13.35
NASDAQ,KELYA,1990-04-04,26.73,27.50,26.73,27.12,16800,13.16
NASDAQ,KELYA,1990-04-03,27.12,27.12,26.73,26.73,3600,12.97
NASDAQ,KELYA,1990-04-02,27.12,27.12,26.54,26.83,6800,13.02
NASDAQ,KELYA,1990-03-30,27.12,27.50,27.12,27.21,52400,13.21
NASDAQ,KELYA,1990-03-29,27.50,27.50,27.12,27.12,56100,13.16
NASDAQ,KELYA,1990-03-28,27.31,27.50,27.12,27.50,31500,13.35
NASDAQ,KELYA,1990-03-27,27.50,27.50,27.12,27.50,12800,13.35
NASDAQ,KELYA,1990-03-26,26.92,27.50,26.92,27.50,2600,13.35
NASDAQ,LUFK,1992-03-09,26.00,26.00,26.00,26.00,000,7.80
NASDAQ,LUFK,1992-03-06,26.00,26.00,26.00,26.00,600,7.80
NASDAQ,LUFK,1992-03-05,25.75,25.75,25.75,25.75,1600,7.72
NASDAQ,LUFK,1992-03-04,27.75,27.75,25.75,25.75,37200,7.72
NASDAQ,LUFK,1992-03-03,25.75,27.75,25.50,25.50,47600,7.65
NASDAQ,LUFK,1992-03-02,25.50,26.62,25.50,26.00,47600,7.80
NASDAQ,LUFK,1992-02-28,25.50,25.50,25.50,25.50,1200,7.65
NASDAQ,LUFK,1992-02-27,25.50,25.50,25.50,25.50,15600,7.65
NASDAQ,LUFK,1992-02-26,25.75,26.62,25.75,26.50,32400,7.95
NASDAQ,LUFK,1992-02-25,25.75,25.75,25.75,25.75,7800,7.72
NASDAQ,MSFG,1992-01-21,16.25,16.25,15.75,16.25,17600,2.28
NASDAQ,MSFG,1992-01-20,16.25,16.25,15.75,16.25,14500,2.28
NASDAQ,MSFG,1992-01-17,15.75,16.25,15.75,16.00,45800,2.24
NASDAQ,MSFG,1992-01-16,16.00,16.75,15.50,15.50,43500,2.17
NASDAQ,MSFG,1992-01-15,16.75,16.75,16.75,16.75,1200,2.35
NASDAQ,MSFG,1992-01-14,16.75,16.75,16.00,16.75,6800,2.35
NASDAQ,MSFG,1992-01-13,16.50,17.00,15.50,17.00,135000,2.38
NASDAQ,MSFG,1992-01-10,16.00,16.00,15.50,15.50,22200,2.17
NASDAQ,MSFG,1992-01-09,14.50,15.50,14.50,15.50,24900,2.17
NASDAQ,MSFG,1992-01-08,14.00,14.00,14.00,14.00,14900,1.96
NASDAQ,NOVA,1999-08-31,9.69,10.12,8.56,9.94,414000,9.94
NASDAQ,NOVA,1999-08-30,8.44,10.25,8.38,10.00,841700,10.00
NASDAQ,NOVA,1999-08-27,8.69,8.75,8.00,8.12,206600,8.12
NASDAQ,NOVA,1999-08-26,8.03,8.69,7.88,8.25,472800,8.25
NASDAQ,NOVA,1999-08-25,8.02,8.06,8.00,8.00,212700,8.00
NASDAQ,NOVA,1999-08-24,8.03,8.12,7.88,8.03,197200,8.03
NASDAQ,NOVA,1999-08-23,8.38,8.50,7.88,8.06,461100,8.06
NASDAQ,NOVA,1999-08-20,8.94,9.06,8.31,8.31,361700,8.31
NASDAQ,NOVA,1999-08-19,9.25,9.38,8.50,8.75,873900,8.75
NASDAQ,NOVA,1999-08-18,8.00,10.12,8.00,8.75,6135000,8.75
NASDAQ,OTIX,2000-05-15,19.12,19.37,19.12,19.25,108900,19.25
NASDAQ,OTIX,2000-05-12,18.50,19.25,18.25,19.19,250500,19.19
NASDAQ,OTIX,2000-05-11,17.50,18.62,17.50,18.25,68000,18.25
NASDAQ,OTIX,2000-05-10,19.84,19.84,17.00,17.87,267500,17.87
NASDAQ,OTIX,2000-05-09,21.25,21.25,19.37,19.37,213000,19.37
NASDAQ,OTIX,2000-05-08,20.87,22.00,20.87,21.00,93800,21.00
NASDAQ,OTIX,2000-05-05,20.94,21.25,20.62,21.12,158200,21.12
NASDAQ,OTIX,2000-05-04,20.00,21.25,19.87,20.62,229100,20.62
NASDAQ,OTIX,2000-05-03,21.00,21.12,19.37,20.00,946600,20.00
NASDAQ,OTIX,2000-05-02,22.00,25.00,20.50,21.12,4582600,21.12
NASDAQ,PRAN,2003-10-10,4.95,4.95,4.76,4.88,3400,4.88
NASDAQ,PRAN,2003-10-09,4.81,4.81,4.81,4.81,3200,4.81
NASDAQ,PRAN,2003-10-08,4.68,4.99,4.68,4.99,1600,4.99
NASDAQ,PRAN,2003-10-07,4.94,5.00,4.77,4.99,1900,4.99
NASDAQ,PRAN,2003-10-06,5.00,5.00,5.00,5.00,1000,5.00
NASDAQ,PRAN,2003-10-03,4.95,4.95,4.95,4.95,000,4.95
NASDAQ,PRAN,2003-10-02,4.68,4.95,4.68,4.95,1100,4.95
NASDAQ,PRAN,2003-10-01,4.90,5.14,4.74,4.89,2800,4.89
NASDAQ,PRAN,2003-09-30,4.74,4.94,4.68,4.93,5500,4.93
NASDAQ,PRAN,2003-09-29,5.07,5.09,4.99,4.99,2700,4.99
NASDAQ,QLTY,2003-11-20,16.61,17.00,16.50,16.80,118900,16.80
NASDAQ,QLTY,2003-11-19,17.00,17.00,16.40,16.80,168200,16.80
NASDAQ,QLTY,2003-11-18,16.55,17.00,16.55,16.69,207000,16.69
NASDAQ,QLTY,2003-11-17,17.85,18.03,16.55,16.81,409500,16.81
NASDAQ,QLTY,2003-11-14,18.03,18.38,17.85,17.88,254000,17.88
NASDAQ,QLTY,2003-11-13,18.05,18.39,18.02,18.08,267500,18.08
NASDAQ,QLTY,2003-11-12,17.65,18.50,17.65,18.48,321200,18.48
NASDAQ,QLTY,2003-11-11,17.65,17.81,17.24,17.80,558000,17.80
NASDAQ,QLTY,2003-11-10,18.75,18.75,17.65,17.66,647000,17.66
NASDAQ,QLTY,2003-11-07,20.00,20.36,18.50,18.75,5197000,18.75
NASDAQ,RAND,1995-09-29,7.12,7.12,7.12,7.12,2000,7.12
NASDAQ,RAND,1995-09-25,6.50,6.50,6.50,6.50,1200,6.50
NASDAQ,RAND,1995-09-19,6.50,6.50,6.50,6.50,1000,6.50
NASDAQ,RAND,1995-09-18,7.25,7.25,7.25,7.25,100,7.25
NASDAQ,RAND,1995-09-12,7.25,7.25,7.00,7.00,4500,7.00
NASDAQ,RAND,1995-09-11,6.75,7.00,6.75,7.00,4900,7.00
NASDAQ,RAND,1995-09-06,7.00,7.00,7.00,7.00,500,7.00
NASDAQ,RAND,1995-09-05,7.00,7.00,7.00,7.00,7500,7.00
NASDAQ,RAND,1995-08-31,7.12,7.12,7.12,7.12,800,7.12
NASDAQ,RAND,1995-08-18,7.00,7.00,7.00,7.00,3200,7.00
NASDAQ,SBLK,2007-12-14,13.90,14.10,13.72,13.98,161100,11.45
NASDAQ,SBLK,2007-12-13,13.40,13.81,13.03,13.81,199800,11.31
NASDAQ,SBLK,2007-12-12,13.60,13.99,13.02,13.25,314700,10.85
NASDAQ,SBLK,2007-12-11,13.65,13.90,13.38,13.70,236200,11.22
NASDAQ,SBLK,2007-12-10,13.75,14.20,13.50,13.67,210700,11.20
NASDAQ,SBLK,2007-12-07,13.98,14.25,13.63,14.10,228400,11.55
NASDAQ,SBLK,2007-12-06,14.21,14.38,13.95,14.11,185300,11.56
NASDAQ,SBLK,2007-12-05,15.40,15.40,14.26,14.39,1397900,11.79
NASDAQ,SBLK,2007-12-04,15.50,15.50,14.88,15.40,249200,12.61
NASDAQ,SBLK,2007-12-03,15.00,15.50,14.25,15.34,1860700,12.57
NASDAQ,TELOZ,1995-08-31,0.92,1.04,0.92,1.04,2600,0.32
NASDAQ,TELOZ,1995-08-30,0.92,0.98,0.92,0.92,2000,0.29
NASDAQ,TELOZ,1995-08-29,1.04,1.04,1.04,1.04,3000,0.32
NASDAQ,TELOZ,1995-08-28,0.92,0.92,0.92,0.92,100,0.29
NASDAQ,TELOZ,1995-08-25,0.92,0.98,0.92,0.92,4000,0.29
NASDAQ,TELOZ,1995-08-24,0.92,0.98,0.92,0.98,1200,0.30
NASDAQ,TELOZ,1995-08-23,0.92,0.92,0.92,0.92,100,0.29
NASDAQ,TELOZ,1995-08-22,0.92,0.98,0.92,0.98,400,0.30
NASDAQ,TELOZ,1995-08-21,0.92,0.98,0.92,0.98,2200,0.30
NASDAQ,TELOZ,1995-08-18,0.92,0.98,0.92,0.92,2200,0.29
NASDAQ,ULGX,1996-06-12,16.50,16.50,15.75,16.00,156900,16.00
NASDAQ,ULGX,1996-06-11,16.25,16.50,16.00,16.50,122100,16.50
NASDAQ,ULGX,1996-06-10,16.25,16.25,15.75,16.25,79900,16.25
NASDAQ,ULGX,1996-06-07,15.38,16.25,15.25,16.00,286400,16.00
NASDAQ,ULGX,1996-06-06,15.25,17.00,15.25,16.50,341100,16.50
NASDAQ,ULGX,1996-06-05,14.25,15.75,14.00,15.25,349600,15.25
NASDAQ,ULGX,1996-06-04,14.00,14.50,14.00,14.13,229400,14.13
NASDAQ,ULGX,1996-06-03,15.25,15.25,14.00,14.50,307000,14.50
NASDAQ,ULGX,1996-05-31,15.50,15.50,14.25,14.50,661500,14.50
NASDAQ,ULGX,1996-05-30,15.75,16.00,15.00,15.25,2798300,15.25
NASDAQ,VRML,2000-10-13,26.00,28.38,26.00,28.38,12900,283.75
NASDAQ,VRML,2000-10-12,27.25,28.50,26.00,27.00,45100,270.00
NASDAQ,VRML,2000-10-11,28.00,28.63,27.38,27.38,43600,273.75
NASDAQ,VRML,2000-10-10,29.48,31.48,28.63,28.88,29400,288.75
NASDAQ,VRML,2000-10-09,28.50,30.00,25.25,30.00,26300,300.00
NASDAQ,VRML,2000-10-06,31.88,32.38,28.63,28.69,26700,286.88
NASDAQ,VRML,2000-10-05,31.88,33.00,31.00,31.75,26500,317.50
NASDAQ,VRML,2000-10-04,32.25,32.88,30.88,32.50,30000,325.00
NASDAQ,VRML,2000-10-03,37.00,37.00,31.63,31.88,26400,318.75
NASDAQ,VRML,2000-10-02,30.53,39.44,30.25,35.69,81100,356.88
NASDAQ,WCRX,2006-10-04,13.40,13.50,13.21,13.21,580300,13.21
NASDAQ,WCRX,2006-10-03,13.44,13.70,13.19,13.50,525600,13.50
NASDAQ,WCRX,2006-10-02,13.20,13.46,13.20,13.30,156100,13.30
NASDAQ,WCRX,2006-09-29,13.50,13.50,13.18,13.30,1946500,13.30
NASDAQ,WCRX,2006-09-28,13.96,14.10,13.29,13.50,1532200,13.50
NASDAQ,WCRX,2006-09-27,12.55,13.84,12.50,13.74,8255800,13.74
NASDAQ,WCRX,2006-09-26,14.79,14.79,12.10,12.60,14966800,12.60
NASDAQ,WCRX,2006-09-25,15.20,15.24,14.86,15.00,1490400,15.00
NASDAQ,WCRX,2006-09-22,14.90,15.32,14.33,15.18,5149200,15.18
NASDAQ,WCRX,2006-09-21,14.75,15.10,14.50,14.95,18084600,14.95
NASDAQ,XETA,1995-08-31,5.88,5.88,5.62,5.62,6000,1.41
NASDAQ,XETA,1995-08-30,5.50,5.75,5.50,5.62,24800,1.41
NASDAQ,XETA,1995-08-29,5.50,5.88,5.50,5.50,40000,1.38
NASDAQ,XETA,1995-08-28,5.50,5.88,5.50,5.50,15600,1.38
NASDAQ,XETA,1995-08-25,5.62,6.00,5.50,5.50,49600,1.38
NASDAQ,XETA,1995-08-24,5.25,6.00,5.25,5.75,109600,1.44
NASDAQ,XETA,1995-08-23,4.62,5.56,4.62,5.25,87200,1.31
NASDAQ,XETA,1995-08-22,4.50,4.62,4.38,4.62,40000,1.16
NASDAQ,XETA,1995-08-21,4.50,4.50,4.25,4.38,12800,1.09
NASDAQ,XETA,1995-08-18,4.50,4.50,4.25,4.25,21200,1.06
NASDAQ,YORW,1999-05-14,18.25,18.25,18.25,18.25,000,4.49
NASDAQ,YORW,1999-05-13,18.25,18.25,18.25,18.25,000,4.49
NASDAQ,YORW,1999-05-12,18.25,18.25,18.25,18.25,600,4.49
NASDAQ,YORW,1999-05-11,17.75,17.75,17.75,17.75,900,4.36
NASDAQ,YORW,1999-05-10,18.25,18.25,18.25,18.25,000,4.49
NASDAQ,YORW,1999-05-07,18.12,18.25,18.12,18.25,3300,4.49
NASDAQ,YORW,1999-05-06,18.12,18.12,17.00,17.00,10200,4.18
NASDAQ,YORW,1999-05-05,17.75,17.75,17.75,17.75,2700,4.36
NASDAQ,YORW,1999-05-04,17.75,17.87,17.75,17.75,19800,4.36
NASDAQ,YORW,1999-05-03,17.87,18.25,17.87,18.25,6900,4.49
NASDAQ,ZION,1990-04-10,22.26,22.26,21.85,21.85,6400,1.77
NASDAQ,ZION,1990-04-09,21.85,21.85,21.85,21.85,10400,1.77
NASDAQ,ZION,1990-04-06,22.26,22.26,21.85,21.85,285600,1.77
NASDAQ,ZION,1990-04-05,22.66,22.66,22.26,22.26,98400,1.81
NASDAQ,ZION,1990-04-04,23.07,23.07,22.26,22.26,65600,1.81
NASDAQ,ZION,1990-04-02,22.56,22.56,22.46,22.46,72000,1.82
NASDAQ,ZION,1990-03-30,22.06,22.06,22.06,22.06,800,1.79
NASDAQ,ZION,1990-03-29,22.66,22.66,22.46,22.46,26400,1.82
NASDAQ,ZION,1990-03-28,22.46,22.66,22.06,22.46,46400,1.82
NASDAQ,ZION,1990-03-26,22.06,22.46,22.06,22.46,21600,1.82
